mechanism,composition,scale,final_reserve_mean,final_reserve_std,average_reserve_mean,average_reserve_std,steps_survived_mean,steps_survived_std,total_withdrawal_mean,total_withdrawal_std,average_reward_mean,average_reward_std,social_welfare_mean,social_welfare_std,mean_absolute_reward_gap_mean,mean_absolute_reward_gap_std,reward_std_mean,reward_std_std,reward_range_mean,reward_range_std,total_messages_mean,total_messages_std,total_rounds_mean,total_rounds_std,wall_time_seconds_mean,wall_time_seconds_std,debate_override_rate_mean,debate_override_rate_std,crisis_rate,reward_profit_mean,reward_profit_std,reward_sustainability_mean,reward_sustainability_std,reward_balanced_mean,reward_balanced_std,reward_risk_averse_mean,reward_risk_averse_std,leader_index,leader_name,leader_role
independent,standard,standard,1.322172143769162,1.5847662283672799,42.018575193731905,2.652678684055008,22.5,3.3638949855315357,214.95,32.590723575242926,29.48243490553479,6.235095135346728,147.41217452767398,31.175475676733637,24.881396200971658,3.516734104664976,23.13493878549051,3.245298207022382,56.65,8.13876364592378,0.0,0.0,0.0,0.0,0.0011015882002539002,0.00020445797642968983,0.0,0.0,1.0,56.775,9.516571419316273,1.35,7.278483069257884,13.789684377454876,4.9694592057291915,18.722490150219105,4.272160512439058,,,
voting,standard,standard,1.9337557988995804,1.6549195822300398,36.01255304228476,3.746743333872907,25.2,12.1594667473104,226.5,78.22201870654014,28.988065302862367,12.350652499752236,144.94032651431183,61.753262498761174,13.658134746906319,5.41594549566356,13.261480689399269,5.338004347137771,31.275509042944453,12.820638626515219,126.0,60.797333736552,25.2,12.1594667473104,0.0014734385993506293,0.0005956207704844454,1.0,0.0,1.0,40.3,15.644403741308029,13.55,14.482203234532921,12.962166874779948,5.38642303493224,37.828159639531876,15.154641607387457,,,
adaptive_voting,standard,standard,58.13105116475502,10.066782308542091,61.664217337213344,3.060210404066285,100.0,0.0,673.25,19.485149540908814,132.35247661514293,3.716052468325963,661.7623830757145,18.58026234162982,3.180555472857761,1.8569137419559418,3.3770135942728543,1.907706155673723,8.39085478107553,4.971658865076741,500.0,0.0,100.0,0.0,0.004445966799903544,0.0003949098074808452,1.0,0.0,0.0,134.65,3.897029908181763,134.65,3.897029908181763,129.7166768254097,6.597819569391571,128.0957062503048,3.887958877051977,,,
centralized_profit,standard,standard,2.492225358024927,1.5947790373688941,40.998992225398865,3.2902000327721383,30.95,8.444711830177324,268.0,70.02029780901505,38.50223557498509,12.750691459551335,192.51117787492544,63.753457297756675,27.452380289364015,6.033643455476873,25.674254413957367,5.7095421918848865,60.71379096213017,12.343617963355067,185.7,50.66827098106394,30.95,8.444711830177324,0.0015869490502154805,0.00045214874682272257,0.4301924685870275,0.10496888300148254,1.0,68.925,19.439700966944184,9.75,10.886374873884181,17.23760711461976,7.657533827663082,27.673570760305683,9.585083897471137,0.0,Growth Department,profit
centralized_sustainability,standard,standard,67.22264496978154,3.793781215027545,67.38805780357544,0.975925819977257,100.0,0.0,630.25,16.571614919875238,124.96275663566942,3.357945807220098,624.813783178347,16.789729036100496,11.707065906329111,1.4317535946885431,13.327783572616037,1.5481132261955257,34.68294509290395,4.139477683374677,600.0,0.0,100.0,0.0,0.004346516500118014,0.0003842477040131688,0.967,0.016889735281961568,0.0,132.05,4.279387560707354,133.2,4.4081264668074605,128.99672827125096,3.74166086519556,98.51705490709604,1.3297910845798695,2.0,Compliance Department,sustainability
centralized_risk_averse,standard,standard,72.36475119240716,5.166363550081756,73.50220594892059,1.6788045198478936,100.0,0.0,549.6,12.04552766972478,109.14660021471259,2.358094033091772,545.733001073563,11.790470165458867,2.23882222382476,0.6691603316034601,2.0685428460600916,0.5796487014122508,5.366843048822573,1.6680008510602642,600.0,0.0,100.0,0.0,0.0038820281997686834,0.0008597966572009372,0.966,0.015355437918998302,0.0,111.375,2.923925803652199,106.65,1.814415956487898,108.33619067292656,1.7941231018261439,107.9968104006363,2.9389740491879572,4.0,Risk Department,risk_averse
structured_debate,standard,standard,2.5575982441845637,1.7713227186370057,44.60569740117442,2.98904597223778,35.35,11.412251034927795,300.85,92.72442192352904,45.470976129977494,17.653850940164524,227.3548806498875,88.26925470082261,27.73295490628056,6.023070644852124,25.51331790768719,5.417969280399849,64.85,14.165469505660216,530.25,171.18376552391692,70.7,22.82450206985559,0.0014283108501331298,0.0004323246211678978,0.4918466367929869,0.13963700609463325,1.0,74.95,23.280836935579714,11.55,12.991799032669153,34.326950925878165,18.602294098363007,31.577929724009312,12.294972445754096,,,
independent,aggressive,standard,2.4963213479772657,1.7602957186565336,41.79023830236979,2.4442981568033177,16.05,2.0124611797498106,176.85,21.590141512419873,27.116389157313954,4.053212737720226,135.58194578656975,20.26606368860113,14.255159027301422,1.8845802526479254,13.86470625565244,1.905542552429873,31.52668970720365,4.139788429102758,0.0,0.0,0.0,0.0,0.0005954074000328547,0.00014745804003100368,0.0,0.0,1.0,38.33333333333333,5.435426353941594,,,8.582019359610207,3.243840742887226,11.999926426959544,2.8061506443026114,,,
voting,aggressive,standard,1.4724429288351606,1.8186498957897912,40.914296890806185,1.7776132041705714,11.45,1.538112308540638,153.25,15.999588810505823,23.068380074368342,3.0310967076168462,115.34190037184172,15.155483538084233,3.810951267546926,0.4435484330295351,4.23680181710304,0.5386883733242365,10.910345794010004,1.3753105628025803,57.25,7.69056154270319,11.45,1.538112308540638,0.0005340310997780761,8.347036718974321e-05,1.0,0.0,1.0,25.65,3.199917762101164,,,14.739654205989996,2.5586155043467,23.65224616585172,3.1899729411584374,,,
adaptive_voting,aggressive,standard,3.113572405811964,1.3734905149392833,35.122595707944384,3.8673883018144237,35.6,17.578096418105417,290.25,122.19995477645817,44.896724926275255,21.170553235858378,224.48362463137624,105.8527661792919,12.571394330025761,5.554326222458474,14.873645511586915,6.695216417221046,37.804839194037264,16.94114968799311,178.0,87.89048209052709,35.6,17.578096418105417,0.0012027010496240109,0.0005423251100994033,0.9992063492063492,0.003549314249999678,1.0,53.05,24.439990955291634,,,15.245160805962726,10.98489106901581,50.08846382541354,23.516831533012382,,,
centralized_profit,aggressive,standard,1.9465972733562693,1.8419730587828569,41.84090968851942,3.023632904725396,17.05,2.704285098641939,183.25,25.81283850294166,28.217487483015514,4.764748368188304,141.08743741507755,23.82374184094152,14.683419047388947,2.0645023407129472,14.266382951072268,2.075718075819385,32.458806461258476,4.40593591936632,102.3,16.225710591851637,17.05,2.704285098641939,0.0005987170494336169,9.618065898001036e-05,0.10083201262961325,0.07394382361633024,1.0,39.74999999999999,6.331832693869753,,,9.021339583462694,3.3075790190006082,12.816097831614863,3.3412430482688698,0.0,Growth Department,profit
centralized_risk_averse,aggressive,standard,71.79056937970147,5.889392145766275,73.1015993633354,1.8316820211746223,100.0,0.0,554.25,13.509743072861779,110.03369932017024,2.6105091917695797,550.1684966008512,13.052545958847896,1.862867615168263,0.4869184780729599,1.797461414393449,0.43965569976950286,4.461419195652898,1.0185497423579581,600.0,0.0,100.0,0.0,0.003617851049421006,0.0009082908677925682,0.966,0.015355437918998302,0.0,111.35,2.928934101471086,,,108.26189775325793,1.724432163054464,107.85659884759336,2.894300759236891,4.0,Risk Department,risk_averse
structured_debate,aggressive,standard,3.536489036501328,0.928696994691341,37.16874789424448,4.668749448839992,38.1,12.238420950777149,296.25,78.80280184706231,45.889426266977615,12.783813329368778,229.44713133488804,63.91906664684387,21.440250087759235,7.483186876126376,21.089393427689945,7.719538140648839,52.94869438338327,21.47991091241457,571.5,183.57631426165725,76.2,24.476841901554298,0.002292865099661867,0.0007103356029829024,0.8171105695929736,0.05663865084962025,1.0,61.75,17.5208730990224,,,10.48834027800261,10.393034968360007,33.708791056885445,12.221162472731232,,,
independent,conservative,standard,2.2322341839150615,1.4698885554448118,43.21789630253854,3.0168284356478083,45.3,12.624537511070299,361.65,103.56908449512284,50.701110330549376,21.39549737803972,253.5055516527469,106.9774868901986,35.88124887057411,6.871382749511107,37.35957879882158,7.620429865342438,101.31964700599767,20.619498842458757,0.0,0.0,0.0,0.0,0.0015592981502777548,0.000424603230313556,0.0,0.0,1.0,122.65,36.556049251007764,23.15,18.17900755788043,40.755123492315754,22.49376832279729,43.800428160431125,14.569491750040417,,,
voting,conservative,standard,59.071673567457495,11.845995411446612,62.3212442719592,2.4596184882809298,100.0,0.0,668.75,18.055105707396542,131.7096246777385,3.3226113553699133,658.5481233886925,16.613056776849575,2.8272549116390726,1.0510717666211176,3.041599961776981,0.9078557115421121,7.468466586436745,2.1811529972805985,500.0,0.0,100.0,0.0,0.007845569850178435,0.019110955734927104,0.9974999999999999,0.004442616583193197,0.0,133.75,3.6110211414793083,133.75,3.6110211414793083,130.07123848733855,4.340123646922578,127.22688490135397,3.595963593533456,,,
adaptive_voting,conservative,standard,67.54586885957318,2.6297022554269183,67.61491304093809,1.0605652847259432,100.0,0.0,628.75,16.04885632914957,124.63904458126198,3.2479166282639023,623.19522290631,16.239583141319525,1.7603014352033732,0.1391704762261945,2.1717739497281925,0.12703260113522913,5.447106876331144,0.3366344936878833,500.0,0.0,100.0,0.0,0.0026807906502654077,0.0003010425068749859,0.9984999999999999,0.0036634754853252355,0.0,125.75,3.209771265829914,125.75,3.209771265829914,125.64232978264121,3.325622701585471,120.30289312366885,3.3065325334836286,,,
centralized_profit,conservative,standard,34.915970040842794,17.812156469486805,49.86854554852431,4.931089816318423,96.2,12.133468285349371,691.6,90.51106358660773,128.0788243812309,25.3529312006335,640.3941219061546,126.76465600316752,39.46186922695419,6.886632657994012,38.238706859363205,6.040712277465635,98.50959835163016,12.825881343710213,577.2,72.80080971209621,96.2,12.133468285349371,0.002905653999914648,0.0007870142159551391,0.7945591128317501,0.029963154547997438,0.15,192.0,28.196677669167823,100.225,27.697840976091296,146.88854310448806,38.39264841948018,101.05557880166647,14.1752675103324,0.0,Growth Department,profit
centralized_sustainability,conservative,standard,67.77985376301062,3.221145519692617,67.61451130613865,1.2325416475978994,100.0,0.0,628.3,13.416800151891266,124.62113897390854,2.7557717843910177,623.1056948695425,13.778858921955086,12.687423274112724,1.3849118708533217,13.311353162049707,1.2799574181914635,35.733707339571026,3.43868045182327,600.0,0.0,100.0,0.0,0.0028322030999333946,0.0003348367965241911,0.953,0.01866604008973458,0.0,133.5,3.4259074863841783,130.15,3.5097608255594253,130.43940220911364,3.36902916558435,98.86629266042897,1.6519211731408214,1.0,Compliance Department,sustainability
centralized_risk_averse,conservative,standard,72.87792978323726,4.6063901616548755,73.84823352857983,1.579447884162941,100.0,0.0,545.3,11.074389611313029,108.31823332363547,2.1871084461623362,541.5911666181773,10.935542230811675,1.9107756385947987,0.6863656675468272,1.8182579383201016,0.6032180900346998,5.057670488159674,1.8209667665029947,600.0,0.0,100.0,0.0,0.002562207249866333,0.0006686033675424083,0.9644999999999999,0.015719582155957427,0.0,111.35,3.0996604228273306,106.875,1.8415882733176416,108.36919469766342,1.845686918072145,108.1219719205139,2.9733918380020286,4.0,Risk Department,risk_averse
structured_debate,conservative,standard,2.979260746714753,1.3537517275952724,43.502493687721554,3.6663528574886595,49.4,14.716263827909296,387.0,116.92777797922055,54.33467777872075,22.331663052308784,271.6733888936038,111.65831526154392,39.29989698304237,9.845612043666177,39.997404904929404,9.727519738371475,108.83277423351387,26.62639241098191,741.0,220.74395741863944,98.8,29.432527655818593,0.0023308130497753155,0.0006470933521884399,0.0767725058629141,0.03499196239895786,1.0,130.75,40.129887798707365,23.55,15.308150563807846,46.849977200682666,27.944493207847163,46.973411692921175,16.252398294883427,,,
independent,free_rider,standard,1.7831700573331364,1.7606139071564777,41.48865690619802,2.530272491746385,15.5,1.7013926184468013,175.3,19.23839363028224,28.164096322545525,4.0974805121540845,140.8204816127276,20.487402560770423,25.452722941963582,2.654961587409593,23.063632539689987,2.422964616572841,64.45,6.723681635595346,0.0,0.0,0.0,0.0,0.0004749616005938151,5.8241781204938846e-05,0.0,0.0,1.0,37.15,4.359200795896808,-3.0,3.612842589838003,8.070481612727615,3.354519163761543,,,,,
voting,free_rider,standard,1.3206428766133773,1.6409416032839004,40.83545150925524,2.074867067356887,11.5,1.7621756887140216,153.5,17.777869151811963,23.456597285272657,3.36436233924507,117.28298642636328,16.82181169622535,11.64705678604297,1.7518335039768445,10.737595369653295,1.5431670821629748,30.87709133913186,4.8017166757957455,57.5,8.81087844357011,11.5,1.7621756887140216,0.0005227692496191594,6.929720370711964e-05,1.0,0.0,1.0,25.7,3.5555738303623925,10.2,3.318211312708923,14.63298642636328,2.6885095054556962,,,,,
adaptive_voting,free_rider,standard,4.220784757636912,6.726513207608119,34.90413478674857,4.406697938357389,38.0,21.961689130704045,303.0,142.65711560093646,47.22563559402566,28.69012949887676,236.12817797012832,143.45064749438384,28.473667584664195,12.288403047299653,26.406218077600233,11.655042113260071,74.23860037427951,34.27324704240042,190.0,109.80844565352022,38.0,21.961689130704045,0.0013919667997470242,0.0010280324009673467,1.0,0.0,0.95,55.85,29.284943140406508,23.1,35.22245097422351,15.17817797012827,12.937898955126425,,,,,
centralized_profit,free_rider,standard,1.8610580826361638,1.7872220729558026,41.021261940860995,2.7809353616256773,16.95,2.605156829302827,182.9,24.646767696692738,28.786142168156363,5.193494749843958,143.93071084078176,25.96747374921978,26.019086265474918,2.6554084645062135,23.644777693233422,2.443771745983196,65.15,6.4687507945588125,101.7,15.63094097581696,16.95,2.605156829302827,0.000581807149501401,0.00011322085167738122,0.2586497843831435,0.0661446844194074,1.0,39.6,5.950674442093894,-4.3,4.280924641882135,8.180710840781774,3.264542182464906,,,0.0,Growth Department,profit
centralized_sustainability,free_rider,standard,65.94664933805869,4.699570531789591,66.52077997817923,1.0813046823841095,100.0,0.0,638.4,17.42774557392532,140.41162262164727,3.8965272219630323,702.0581131082364,19.482636109815175,21.97340380536436,1.2538355498175213,26.040561859449117,1.1520994347895988,67.89188689176363,3.664009093349118,600.0,0.0,100.0,0.0,0.0026560059000985347,0.0005069267369793867,0.9675,0.01650358812660544,0.0,127.95,3.7448209851108123,129.05,3.7763112048385885,124.73311310823638,3.163918863697338,,,2.0,Compliance Department,sustainability
structured_debate,free_rider,standard,1.9184713005677387,1.8800121830669354,42.01024826155843,2.8331291251483064,27.15,5.779045632373275,249.0,50.49231312002379,42.6712926870247,10.238697990527482,213.35646343512354,51.193489952637414,30.386965850380232,5.804459485822699,27.609733112875904,5.294479584992773,77.675,14.636179937329779,407.25,86.68568448559914,54.3,11.55809126474655,0.0012747681001201272,0.00023638960234535636,0.704831448889997,0.07690520303665714,1.0,51.825,11.438939728194356,6.8,5.845376040310117,18.43146343512351,7.093229299530021,,,,,
independent,standard,wide,1.330414711853201,1.6154454094213118,37.43118266132224,3.098198177670243,10.45,1.190974832912761,148.45,14.673553008550343,19.06078936832432,2.6846289587484518,95.30394684162158,13.423144793742257,19.927570611661743,2.1506181173333965,18.52580378410355,1.9709272649375509,46.0,5.399805064707624,0.0,0.0,0.0,0.0,0.00047707704943604766,0.0006300518643259437,0.0,0.0,1.0,40.9,4.3997607590461225,-3.35,4.331949846626137,9.077338547384532,3.8536769140950193,7.7766082942370645,2.372978970380766,,,
voting,standard,wide,1.742908412538302,1.6099973917971713,32.63759299842058,4.283631101487918,9.0,2.9019050004400464,139.0,18.60956177543373,17.202272028734278,3.757180324520168,86.01136014367138,18.78590162260084,6.720052060300155,3.2485065646786913,6.471911940503347,3.269495769673622,16.090740328212874,8.426120967980408,45.0,14.509525002200233,9.0,2.9019050004400464,0.00039216124951053645,8.316561793813314e-05,1.0,0.0,1.0,22.8,3.721912355086746,8.3,9.739231570249645,11.390414951336904,3.294511188927557,20.720945192334472,3.6182767966090785,,,
adaptive_voting,standard,wide,23.448798508833768,22.505980059381876,46.89698758271269,6.443822321814429,86.15,19.298963702748395,616.25,127.32960750496493,107.94045112450127,31.916218647774986,539.7022556225063,159.58109323887493,16.8472254987346,9.487391942145923,17.174664871666394,9.582180618812469,42.90428293873127,23.112082616175744,430.75,96.49481851374198,86.15,19.298963702748395,0.002518361800139246,0.0007141456210256153,1.0,0.0,0.45,121.0,27.55664023520704,101.5,48.73829144144857,82.0801568283642,37.12950339526904,114.12209879414215,26.175020314473727,,,
centralized_profit,standard,wide,2.2279467922067875,1.8068369721884459,37.49803077936644,3.3127809622289304,12.5,2.164303704731799,158.4,19.99315672397617,20.59350022196547,3.202024305153749,102.96750110982734,16.01012152576875,19.711196265290674,2.7932584917703633,18.395976618434457,2.6120991343333926,44.6,6.385839597767943,75.0,12.985822228390793,12.5,2.164303704731799,0.00044530220020533307,7.368905130974433e-05,0.3708843933843934,0.1095604472853902,1.0,42.35,5.769931131578425,-1.4,4.604345773288535,9.547090405525346,3.936212211747166,10.120410704302014,3.218926221022524,0.0,Growth Department,profit
centralized_sustainability,standard,wide,60.984831649472504,10.77239047081867,62.795943333476565,2.2655940997049324,100.0,0.0,665.3,20.583846502588024,130.88991221787563,3.9399544513742923,654.4495610893781,19.69977225687145,16.524502555946363,2.68065404155046,17.725388155354942,2.2530769675979254,45.92770206404292,6.087687019413506,600.0,0.0,100.0,0.0,0.0026199160996839056,0.0004732010766519145,0.967,0.016889735281961568,0.0,141.5,5.5866381944591215,142.9,5.7847349027191255,131.57726315342106,7.078587524163258,96.97229793595709,2.4358693227895576,2.0,Compliance Department,sustainability
centralized_risk_averse,standard,wide,67.43555601560534,9.93574775797278,69.97151278352516,3.0089123274745475,100.0,0.0,586.6,22.748973371861954,116.07727117521753,4.176966337771128,580.3863558760877,20.88483168885565,5.347679290550609,2.449572185699998,4.935415397865446,2.224467779548475,13.201386271141079,5.672052057785655,600.0,0.0,100.0,0.0,0.002396658149882569,0.00018384994481851014,0.9664999999999999,0.0159851905146443,0.0,120.8,5.9524431074449105,108.7,2.5360557855395105,113.38469890546432,3.8898865362146804,116.70165697062335,5.757594387321396,4.0,Risk Department,risk_averse
structured_debate,standard,wide,2.169419535894724,1.6980627048588142,37.92329005611638,2.6038806522528493,13.9,2.100125309544522,166.2,20.389883972721684,21.35305827743061,3.355263090326706,106.76529138715303,16.776315451633533,21.22925821789496,3.014844707829795,19.49182074800919,2.7903504558922183,50.2,7.237330127085613,208.5,31.50187964316783,27.8,4.200250619089044,0.0007860598501792992,0.00017884848381657803,0.3999913321972145,0.0913290812827379,1.0,44.0,5.947135533400226,-4.1,4.241399967488391,12.227024544363276,4.1402800844286975,10.638266842789765,2.6400686505976414,,,
independent,aggressive,wide,1.0611314314960343,1.4840103384960195,35.85762432925754,2.7055675477038186,8.05,0.7591546545162482,135.85,9.761767527612912,19.91599369245536,1.860006830446193,99.57996846227681,9.300034152230964,12.780753698978613,1.055308290027351,12.287825150009464,1.0987769444629538,28.10967908089313,2.288782282779377,0.0,0.0,0.0,0.0,0.00030331144989759196,3.61156840294228e-05,0.0,0.0,1.0,29.78333333333333,2.509106222360409,,,5.358745833646878,2.9519701426145626,4.871222628629921,2.4021519082487703,,,
voting,aggressive,wide,0.8526067084593827,1.43145620155766,34.358603787026006,2.771079042011457,5.85,0.9880869341680845,125.75,11.035230663174815,18.285524375871198,1.9280273770862846,91.427621879356,9.640136885431422,2.663909526225605,0.5663419207333223,2.844129494949061,0.6782254478123053,7.327056418266021,1.760473767700593,29.25,4.940434670840422,5.85,0.9880869341680845,0.00026505044970690503,3.485006837208878e-05,1.0,0.0,1.0,20.15,2.207046132634963,,,12.82294358173398,1.2953600762413369,18.15467829762201,2.182505123864259,,,
adaptive_voting,aggressive,wide,2.3195022472391607,1.4542812038509783,30.214245164200925,4.337799050173471,12.75,5.014452795879652,154.75,32.74603230284468,22.081282654130682,5.466419115167673,110.40641327065342,27.332095575838366,5.8410221524126005,2.2226298336193793,6.709423052067011,2.7207516179779865,17.162801723232167,6.8852142313207585,63.75,25.07226397939826,12.75,5.014452795879652,0.0004387930503071402,0.00010834766457465517,1.0,0.0,1.0,25.95,6.549206460568936,,,8.787198276767832,4.249409408910638,23.769214993885583,6.349641112664515,,,
centralized_profit,aggressive,wide,1.1169809738034597,1.579493171845254,36.401177592403194,3.3085122818941057,8.4,1.1424811411549587,138.0,11.814353446906058,20.319716225589932,2.2481030325739457,101.59858112794964,11.240515162869729,12.655953366690994,1.0943421787567829,12.279779228174354,1.140980286321389,27.698289669768343,2.2556527284422443,50.4,6.854886846929753,8.4,1.1424811411549587,0.00031170780002867107,3.8449802614087656e-05,0.10240800865800866,0.11978183450073057,1.0,30.2,2.9227880625319944,,,5.7840131962901715,3.0914508409786663,5.214567931659469,2.5718210074609744,0.0,Growth Department,profit
centralized_risk_averse,aggressive,wide,59.67602755590862,22.734953505094314,68.13278085258263,4.3468955872496124,96.75,10.567452513807618,578.15,58.07461171902736,113.32364836216459,14.236534518157479,566.6182418108231,71.18267259078739,4.297674290601842,3.0815385951035794,4.428343878626912,3.6203756848443778,11.510929590459645,9.663407040128332,580.5,63.40471508284571,96.75,10.567452513807618,0.0024858864990164875,0.0006178425183775533,0.9660404858299595,0.01601859892153692,0.1,116.15,12.990538617288026,,,106.15974108014355,20.894417151847815,112.00850073067939,12.387961404911799,4.0,Risk Department,risk_averse
structured_debate,aggressive,wide,2.9395543774006363,1.6426041059123693,29.966611639009464,4.128226620779102,18.35,4.749238166053028,178.35,27.602965134393195,25.121928438552647,3.9825029165366232,125.6096421927632,19.912514582683112,15.344383223906295,3.1754166913965234,14.72171243538107,3.2102665388444933,36.862037342177544,9.441385885145465,275.25,71.23857249079543,36.7,9.498476332106057,0.0007666975001484388,0.00013194773773665236,0.7820119843749874,0.07154927002665419,1.0,36.41666666666667,5.866821170214314,,,1.9900564451157734,5.887449049326243,14.369585747647449,5.444980621773308,,,
independent,conservative,wide,1.4056413735831181,1.6628139239762536,37.462121438800665,2.570190303023468,16.6,2.3033156878497434,181.8,22.208580608214902,18.889886007821826,4.08622934648903,94.44943003910912,20.431146732445153,26.212127411381097,3.3006589426302426,25.95428695490021,3.111765420602416,72.15,8.731521842394402,0.0,0.0,0.0,0.0,0.0004524093999862089,4.33246145870514e-05,0.0,0.0,1.0,67.6,8.696036604774553,-2.6,5.051315618102299,16.628730190849517,5.398938862587628,15.420699848259598,4.641567476569362,,,
voting,conservative,wide,22.448266307277446,24.992193861828223,45.939720200942126,7.420226353471731,76.05,25.97868559537141,544.25,164.4950407187178,88.9578215819628,42.57113933476668,444.789107909814,212.85569667383342,16.703128183092755,9.837299696088703,16.542458078725613,9.020915912208189,41.15770578448201,21.980537275734694,380.25,129.89342797685703,76.05,25.97868559537141,0.001949700099612528,0.0006955716904800234,0.9903449978463833,0.00882083383678294,0.55,106.1,35.08770964912148,84.85,54.21718022526575,68.98470421308994,42.408713864547614,100.00440369672411,33.268681305923565,,,
adaptive_voting,conservative,wide,65.83581826738411,3.3863501743619495,64.2222372781024,1.8471848719251307,100.0,0.0,656.0,17.88854381999832,129.45444133420898,3.623964279398591,647.2722066710451,18.119821396992947,2.5620149700240957,0.8764892283118167,2.9018645828740137,0.7297988326022709,7.2848002336955915,1.7076214184485672,500.0,0.0,100.0,0.0,0.0027888119999261106,0.00035469792642511263,0.9979999999999999,0.004103913408340621,0.0,131.2,3.5777087639996634,131.2,3.5777087639996634,129.25721681308622,5.032862436070172,124.41498985795874,3.5388317510989644,,,
centralized_profit,conservative,wide,3.0778437700178536,1.3620577204282467,36.87562294819292,2.5259943502554565,44.45,17.712543875071017,351.95,128.20808538424845,44.48313928461139,27.072927947960938,222.41569642305694,135.3646397398047,30.196767008973097,5.91126425030735,29.360986016796552,5.6020553855242365,81.41446023547174,15.690349575445717,266.7,106.27526325042611,44.45,17.712543875071017,0.001455973450356396,0.0006552375322470762,0.8081800680367699,0.060572644021685995,1.0,96.45,36.82029617651541,20.4,32.55505458369512,39.34151213939657,18.219988597523237,45.82418428366038,20.87321432771775,0.0,Growth Department,profit
centralized_sustainability,conservative,wide,64.29729628765826,4.323504461140308,64.11997575480162,1.5190427004796407,100.0,0.0,660.3,14.323701374038473,130.60115255667347,2.921148638513943,653.0057627833672,14.605743192569703,18.043538706884288,2.250064465535124,17.7502340223032,1.902694162270054,47.79270055496455,5.113227362800186,600.0,0.0,100.0,0.0,0.003424445849850599,0.0006817280349029568,0.9579999999999999,0.014725559590832462,0.0,144.4,4.79473395343376,136.6,3.9256243217849405,137.4984633383319,4.0250581872716795,97.90729944503543,2.3686493450029866,1.0,Compliance Department,sustainability
centralized_risk_averse,conservative,wide,69.26805118198854,7.6915330947328275,71.25065681268924,2.1882776904152594,100.0,0.0,576.3,20.45045360454332,114.27635240088743,3.9291868833168793,571.3817620044372,19.645934416584407,5.082994682020979,2.134055698607884,4.642962121346421,1.8773761033473568,12.124222361071107,4.922275587846953,600.0,0.0,100.0,0.0,0.003758223499607993,0.0005597176604478142,0.9644999999999999,0.015719582155957427,0.0,120.8,6.271069748414037,109.45,3.086046696102688,114.56941190251082,3.452680876556252,117.11235010192638,5.7952722874408,4.0,Risk Department,risk_averse
structured_debate,conservative,wide,2.2786332094622948,1.8884156558411032,37.53600089869288,2.8420356921526957,17.7,2.8672378052018894,187.5,25.785552870592195,19.14908373152351,4.192335412237672,95.74541865761753,20.961677061188364,27.67044438458019,3.2281791153149335,27.245384460631435,3.4157592333109497,75.6,9.287229488870583,265.5,43.00856707802834,35.4,5.734475610403779,0.0010625373499351554,0.0001988451031070891,0.07382048872180451,0.04686795382462907,1.0,70.1,10.150965730567606,-3.95,3.7623480910057667,18.10848313091692,5.154068760116518,15.43693552670062,4.096755124889803,,,
independent,free_rider,wide,1.1242571784162119,1.6364199015167415,36.17117956206956,2.5191475780237456,7.55,0.7591546545162482,133.85,10.737416135325942,21.21977628631865,2.16621780757386,106.09888143159324,10.831089037869301,20.98017897094508,2.8285353707773795,18.982894621762032,2.487401159052952,53.625,7.993212581210452,0.0,0.0,0.0,0.0,0.0003614873501646798,6.093012697486466e-05,0.0,0.0,1.0,27.9,2.5731406163633865,-4.4,2.945111918166492,5.473881431593233,2.6404736287837673,,,,,
voting,free_rider,wide,1.0636080254185918,1.5737957578475503,34.33516581306549,3.3040896592834605,5.85,0.9880869341680845,125.25,11.05905201990421,18.83376151013182,2.108137272077399,94.16880755065907,10.540686360386994,8.793346390127478,1.8955298973814927,8.199164857417781,1.5849076124338553,23.82722248895582,5.011085063341879,29.25,4.940434670840422,5.85,0.9880869341680845,0.00033524695008964046,4.24642763255767e-05,1.0,0.0,1.0,20.05,2.211810403980842,8.8,4.225237458291234,12.693807550659082,1.5579897742766278,,,,,
adaptive_voting,free_rider,wide,2.182371067477958,1.49993740288604,30.513663268662516,4.2020522776058895,12.75,5.3299056968057235,154.75,30.799649690420694,21.41572857321795,5.994173513732667,107.07864286608977,29.970867568663333,14.809333977819241,5.598381910859563,13.668563516125612,4.9957901443812744,38.93698022746001,14.251522486824262,63.75,26.649528484028618,12.75,5.3299056968057235,0.0005401467005867744,0.0001544792064104364,1.0,0.0,1.0,25.95,6.159929938084139,4.95,13.743802431028973,8.803642866089767,4.477056651084113,,,,,
centralized_profit,free_rider,wide,1.1538486191852368,1.5444489061544813,35.49849831212521,3.181124349192243,8.3,1.218281792655455,137.2,12.002631290460307,21.300365085950567,2.4041875870099814,106.50182542975283,12.020937935049908,20.42370793123955,2.364859896162878,18.57567669513366,2.1079403793384497,51.05,6.293062178220343,49.8,7.30969075593273,8.3,1.218281792655455,0.000575562299854937,0.00018096710470527784,0.28433441558441563,0.15006233266524957,1.0,29.65,2.92493814599467,-4.45,3.6917404253848956,5.0518254297528244,2.6993990646395956,,,0.0,Growth Department,profit
centralized_sustainability,free_rider,wide,50.87768647547772,22.516774348345322,59.76220315021097,3.689593981862485,95.85,12.533219017769072,655.55,74.90799620025116,141.30524583068012,19.93307200243907,706.5262291534007,99.66536001219535,26.493678866612452,3.8628804170128346,28.92229909417444,2.789291367152237,80.58255602247847,10.037332230694775,575.1,75.19931410661445,95.85,12.533219017769072,0.0032485412497408107,0.0005471968008446858,0.9659726230899832,0.019081321793624373,0.15,131.15,16.73092000490488,129.1,23.96905900267435,117.6512291534007,21.794394546915292,,,2.0,Compliance Department,sustainability
structured_debate,free_rider,wide,1.8167252404736367,1.9810537782574078,35.767493263004354,1.9954773356215536,11.3,1.7501879598308414,154.4,18.20468418610412,24.324551143588096,3.08162936658301,121.62275571794048,15.40814683291505,23.028359085129516,3.760533337902734,20.820933644096232,3.37725050305985,59.25,10.297546974120124,169.5,26.252819397462616,22.6,3.500375919661683,0.0006658058004177292,9.492061724523637e-05,0.5877547452547452,0.14160278224377237,1.0,31.55,3.940010686600522,-4.1,2.6337885460422137,7.472755717940489,2.0695766572233687,,,,,
independent,standard,asymmetric,1.8266662318567253,1.7919577839307501,36.674227347667816,3.185292336202455,20.95,3.2032056312059445,199.625,26.756147842475773,23.011285143332724,4.733434477884255,115.05642571666363,23.667172389421275,37.43273051109267,6.535681938228287,34.480456891879065,5.941421793315308,87.125,15.812948558231104,0.0,0.0,0.0,0.0,0.0007816042492777342,0.00015921760827810387,0.0,0.0,1.0,63.075,9.505227093829118,-22.0,11.382118940643142,2.733574292563765,5.926281135539639,8.172851424099868,3.5653391790263176,,,
voting,standard,asymmetric,2.375582726542798,2.0779586235973153,29.570241892807285,4.050880922916642,26.0,12.519458538821203,218.5,76.22853451093108,21.24336225872519,11.894085017299384,106.21681129362594,59.47042508649692,21.3963362893291,10.271504712859148,20.750412320572217,10.096805711915579,49.859647036238464,24.255304109433673,130.0,62.59729269410602,26.0,12.519458538821203,0.0011626821502431993,0.0004567783687903007,1.0,0.0,1.0,38.7,15.245706902186214,-9.3,23.283380112725993,2.832545227931573,9.603885752670124,35.28426606569436,14.007316014327229,,,
adaptive_voting,standard,asymmetric,62.58867705361125,10.676733184646684,65.02537322359701,2.1536682191961622,100.0,0.0,642.0,24.30074722697789,125.52201854592215,4.682823095950413,627.6100927296106,23.414115479752066,4.071764925993817,0.9845588373784663,4.441021884871094,0.7937044338144335,11.058623517072045,1.7023811812118275,500.0,0.0,100.0,0.0,0.003386984599819698,0.00026783561079594384,1.0,0.0,0.0,128.4,4.860149445395579,128.4,4.860149445395579,124.72484714623003,5.568319545853026,117.68524558338063,4.822422810834218,,,
centralized_profit,standard,asymmetric,2.5757014887328173,1.5106318536774102,37.06528496066694,3.5071775984203217,40.05,15.628836371137472,320.925,114.44365138401196,44.36141231915904,21.326625433114092,221.80706159579523,106.63312716557046,51.27215866582785,14.901795516982961,48.3909520124714,14.597188619695137,113.49996471710134,30.670467560330483,240.3,93.77301822682483,40.05,15.628836371137472,0.0013511822997315903,0.0004253008244230635,0.45243824461431786,0.13517725159026672,1.0,102.0625,38.83194857669594,-7.45,18.89576672167605,5.235452692369853,9.427816051608788,19.896608903425317,10.948313038363422,0.0,Growth Department,profit
centralized_sustainability,standard,asymmetric,70.34927930234957,2.590764391507582,69.94226719870906,0.44695936455138646,100.0,0.0,601.075,20.50498976500983,118.68686325720793,4.118445601840233,593.4343162860396,20.592228009201165,29.268964004725564,2.3955423105331226,33.77877573165492,2.5294922670369804,87.86534131557434,6.886826189172258,600.0,0.0,100.0,0.0,0.0030788012996708857,0.000376725947877943,0.967,0.01657518754359249,0.0,136.0875,5.577961214977161,139.325,5.849595127690013,130.4746576016139,4.532527793288789,51.45965868442566,3.2720954263998903,2.0,Compliance Department,sustainability
centralized_risk_averse,standard,asymmetric,83.1428619788309,6.668564509235666,83.78158911643688,1.1286813636864657,100.0,0.0,364.9,20.649072873286972,71.87633810324024,4.064020895650077,359.3816905162013,20.320104478250382,3.085867228956576,0.8893677120088138,2.9052610785719972,0.7814423138903102,7.7705840467121705,2.4586328620280766,600.0,0.0,100.0,0.0,0.0026581631500448566,0.00015996684604399828,0.966,0.015355437918998302,0.0,74.4,4.820051320975961,68.0,2.6056618514708556,72.85,4.065580815630289,69.73169051620121,4.788891010082337,4.0,Risk Department,risk_averse
structured_debate,standard,asymmetric,9.466958156813186,16.74688663337726,46.27514934475682,6.437405957153735,58.1,27.567906588716713,447.35,205.23882750539548,73.14984711283361,46.1212277744323,365.74923556416803,230.6061388721615,58.895467475985605,16.88942290717115,54.35075185200499,16.165217102411486,134.09126500236275,35.71012041046415,871.5,413.5185988307507,116.2,55.13581317743343,0.001997252650653536,0.0008435194738017996,0.5771761679702555,0.17867738668700978,0.85,131.45,57.84533598084501,1.35,37.43418786420552,72.27744550464296,66.66667544871345,29.221790059525098,17.409777140258985,,,
independent,aggressive,asymmetric,1.959280077377128,1.6616910042755433,38.07056181864133,2.9489924001244066,12.35,1.6311119875071343,155.1,16.673016334311274,23.02037553545914,3.037005127020892,115.10187767729572,15.185025635104463,17.236364543678626,2.399867517355833,16.63128932487972,2.321331227070564,37.97915607528712,5.566635115785595,0.0,0.0,0.0,0.0,0.00032993735057971205,3.333731795768047e-05,0.0,0.0,1.0,36.44166666666667,4.5154947660756,,,2.6877711798526316,4.2483281795287535,3.0891064974430833,2.7614261702754654,,,
voting,aggressive,asymmetric,1.454982453831058,1.7384323013390928,35.74305808891799,3.145150851031464,8.45,1.190974832912761,135.625,11.409685405506655,19.719254835804225,2.087464407273463,98.5962741790211,10.437322036367316,3.525993066851297,0.6723350942981127,3.8850527428637074,0.8127220272542253,10.008730846841704,2.0858659898282683,42.25,5.954874164563805,8.45,1.190974832912761,0.00034066705011355226,4.500933761917989e-05,1.0,0.0,1.0,22.125,2.281937081101331,,,12.116269153158296,2.1692441521116006,20.105005025862802,2.2185352083723484,,,
adaptive_voting,aggressive,asymmetric,3.0297001618308617,1.9839356177218723,31.323056316338494,5.184721683152628,46.15,25.596617786443254,333.5,140.1230662104228,48.942701680886415,21.59688989717716,244.71350840443205,107.9844494858858,19.516223298439876,12.001693257547183,22.835687659987286,14.396829201602086,58.18990401968129,36.484537009397606,230.75,127.98308893221626,46.15,25.596617786443254,0.0016280102001474007,0.0008560640095465452,1.0,0.0,1.0,61.7,28.024613242084556,,,3.510095980318698,19.036871018046085,56.103412424113415,25.570038683345498,,,
centralized_profit,aggressive,asymmetric,1.9982596168849416,1.6602486609526175,37.84988084068847,3.461565246600356,13.6,2.4365635853109104,161.375,20.087882574223432,23.985097119196556,3.600441340929448,119.9254855959828,18.00220670464724,17.91318774439859,2.431597645255629,17.37207887315768,2.3820205759674753,39.28290899847398,5.37473975741671,81.6,14.619381511865463,13.6,2.4365635853109104,0.0005799626993393759,8.007995148002035e-05,0.10563256982955124,0.09896539233742935,1.0,38.025000000000006,5.309231450642478,,,2.270805560149378,4.06167679899342,3.5796800358334133,2.6588909072125055,0.0,Growth Department,profit
centralized_risk_averse,aggressive,asymmetric,82.48240616344718,7.686117970584301,83.39026660328734,1.2642488207767484,100.0,0.0,371.3,23.294114910716914,73.11372056462338,4.572660547649872,365.56860282311686,22.86330273824936,2.260025467272901,0.41981642078206527,2.2265233563145457,0.3587977697797366,5.743761993572482,0.6889098708111756,600.0,0.0,100.0,0.0,0.003012978551123524,0.00036656353207695105,0.966,0.015355437918998302,0.0,74.4,4.823007724311867,,,72.85,4.065580815630289,69.51860282311685,4.697354053552726,4.0,Risk Department,risk_averse
structured_debate,aggressive,asymmetric,12.91692982032455,11.4754434040651,31.727774229600833,3.7336001754965915,81.5,23.098188582429437,523.25,127.47584910587244,81.17050524477222,21.79381631948818,405.8525262238612,108.9690815974409,67.50838114793052,20.372638849070924,66.1873311033138,20.11001545304597,165.3049083984269,52.94578975089441,1222.5,346.47282873644156,163.0,46.19637716485887,0.008555130649983766,0.021424887856630895,0.8620899141502838,0.05210862891192199,0.55,131.725,35.63936793468181,,,-30.104908398426904,24.612733259051204,40.78243462228809,13.212485324386332,,,
independent,conservative,asymmetric,5.646633535977289,8.951816930707485,41.223967022830735,4.914946419273034,69.85,17.34866899187006,506.125,130.88412663597964,66.87588231593828,32.39407366183529,334.37941157969146,161.97036830917648,89.33087494638251,20.040643613480345,93.30065993456029,20.882018002696174,251.45456132552448,55.33358857957436,0.0,0.0,0.0,0.0,0.001862942449770344,0.000493208222787678,0.0,0.0,0.85,246.85,66.79842024605388,-1.0125,33.61072383301121,49.03358331245576,38.18835826407108,40.52082826723571,12.917681135179825,,,
voting,conservative,asymmetric,63.74989805330333,9.848902272022366,64.82665411898219,1.9250834655406726,100.0,0.0,641.75,21.33843825982635,125.47975335855404,3.983723260819886,627.3987667927701,19.918616304099427,4.055168141314818,0.7636292418828711,4.418578882340176,0.5292703293155936,10.993567675987771,0.917329754028926,500.0,0.0,100.0,0.0,0.003426742750525591,0.0007498437681763021,0.999,0.003077935056255465,0.0,128.35,4.26768765196527,128.35,4.26768765196527,124.8342360974151,4.42981716979824,117.51453069535505,4.000857088015327,,,
adaptive_voting,conservative,asymmetric,69.42450930846607,3.1570453823054714,69.87737159297616,0.5643216586039818,100.0,0.0,602.75,19.96543065031735,118.76037309345509,4.019710364228947,593.8018654672754,20.098551821144735,2.8606829249942964,0.12727478149720256,3.5708196728155768,0.148408546952591,8.931133748489822,0.3793437937995612,500.0,0.0,100.0,0.0,0.00437229755007138,0.0008093334390109998,0.9979999999999999,0.004103913408340621,0.0,120.55,3.993086130063471,120.55,3.993086130063471,120.53299921576529,4.009301390035084,111.61886625151018,4.1223823727483015,,,
centralized_profit,conservative,asymmetric,61.6649104387826,6.281269821357666,63.44504369881124,1.7387216312305092,100.0,0.0,666.475,13.827389866721623,131.96240882264982,2.9077353088489173,659.8120441132494,14.53867654424459,76.60574992598899,2.5113231941648473,72.51279773254313,2.2325650017644847,180.89991358108975,7.091965633778948,600.0,0.0,100.0,0.0,0.003916156600098475,0.0005363248029919944,0.7134999999999999,0.026808286228819554,0.0,242.375,5.817114043017696,80.9875,4.570698293995879,193.91153378479538,5.095636847369612,61.55051032845387,5.583050342640599,0.0,Growth Department,profit
centralized_sustainability,conservative,asymmetric,70.52693386064045,3.109343302124404,70.21695802524786,0.6100804398660883,100.0,0.0,598.85,18.577788095634954,118.28811954885789,3.781631742071416,591.4405977442896,18.908158710357075,30.608563359344544,2.2766085062258496,33.81364383076237,1.883230927352967,90.1517604979517,5.623997651610315,600.0,0.0,100.0,0.0,0.0037660317993868375,0.00045830408782933325,0.9339999999999999,0.017591864148251184,0.0,138.225,4.932371587145905,134.6125,4.875067475916292,132.49235824224115,4.535327516654104,51.49823950204829,3.0260169661078375,1.0,Compliance Department,sustainability
centralized_risk_averse,conservative,asymmetric,84.05595935981168,5.834249488640808,84.10147802297342,1.0168958244377577,100.0,0.0,359.225,18.320591664773502,70.77837821356067,3.61759478533624,353.8918910678034,18.0879739266812,3.1430070858966674,1.2456492724606536,2.9193233469945405,1.0641560143027298,7.732650978746068,2.8889669670689386,600.0,0.0,100.0,0.0,0.0037156548503844535,0.0003010294092844344,0.9654999999999999,0.015035046776746249,0.0,74.55,5.213595587247674,68.1375,2.4887576164994876,73.0,4.039280811442082,70.06689106780331,4.860352822176875,4.0,Risk Department,risk_averse
structured_debate,conservative,asymmetric,19.678553839289908,18.80021666433976,44.595890037813916,7.893768780470613,88.8,18.274514897442344,627.075,137.46801302580596,95.96016460579429,45.85070824054935,479.8008230289714,229.25354120274673,109.25799268894687,28.52870597233799,112.99022705555353,25.873869689847286,298.7232191995872,71.40834269759657,1332.0,274.11772346163514,177.6,36.54902979488469,0.00368090409974684,0.0008907115024074532,0.07921314289688024,0.026659002292616585,0.4,309.275,67.80903429174425,14.45,58.43685300795795,92.20135096832254,72.4267971537148,49.42447206064899,13.5042214994824,,,
independent,free_rider,asymmetric,1.986936563962003,1.7312410732201036,38.55796832650544,2.7943232714906507,11.5,1.1920791213585393,152.825,14.925494790352582,24.422778668857713,3.432084822666559,122.11389334428857,17.160424113332795,27.37377706491383,3.2418254190059357,24.797260459380922,2.9181386996039955,69.15,8.131889791367525,0.0,0.0,0.0,0.0,0.0003633255002569058,4.305912051705666e-05,0.0,0.0,1.0,34.425,3.6868364701861585,-9.575,4.522676780752511,3.2638933442885545,4.376610657448142,,,,,
voting,free_rider,asymmetric,0.6376291891783568,1.2304025112125814,36.14436622148749,2.547882100940297,8.45,1.3562719801759993,137.5,12.407552878027667,20.393088581143562,2.7098842234301412,101.96544290571778,13.549421117150708,10.623459806637632,1.790304024002477,9.793955648563502,1.5373303762906037,28.362066697203005,4.770906698124286,42.25,6.7813599008799965,8.45,1.3562719801759993,0.0003313546007120749,4.154191840814034e-05,1.0,0.0,1.0,22.5,2.481510575605533,8.0,4.984185516527038,12.715442905717795,2.151677188456121,,,,,
adaptive_voting,free_rider,asymmetric,6.322773357424789,8.962068423834788,31.274066056688003,3.7795891706391345,55.6,30.328725310295656,391.0,176.99501925790247,55.07313684336998,30.967827014818383,275.3656842168499,154.83913507409193,46.05405445894197,26.411576467496936,42.42565332473276,24.551633806004926,116.50352458523719,63.638896052509054,278.0,151.6436265514783,55.6,30.328725310295656,0.0014578560494555859,0.0007612129466163452,1.0,0.0,0.9,73.7,36.02608703937219,8.45,48.87710151626811,6.715684216849866,20.597292851573155,,,,,
centralized_profit,free_rider,asymmetric,1.7402333742444156,1.503047305624459,37.51312888520394,3.2859049266904856,13.2,2.330574810506717,159.95,20.529760169850473,24.314139234271487,3.945530275177724,121.57069617135744,19.72765137588862,28.616688612582813,4.429417228511345,26.088547068050172,3.9911579439011184,71.1,11.207786297222594,79.2,13.983448863040305,13.2,2.330574810506717,0.00048285695029335327,8.372112882191273e-05,0.27384801473036763,0.09660131462210415,1.0,37.4875,5.3382156244040555,-13.4,5.879491564126237,2.295696171357454,3.9109051209783403,,,0.0,Growth Department,profit
centralized_sustainability,free_rider,asymmetric,69.65723689506741,3.2972709149672133,68.8912587028482,0.6202189963664034,100.0,0.0,611.9,20.602503680250535,134.67666845886885,4.572251970033823,673.3833422943442,22.86125985016912,22.453330465809866,1.8084866313481622,25.279126392114893,1.6180023977147502,68.24165770565583,5.477804912994412,600.0,0.0,100.0,0.0,0.002778440300062357,0.0002684181075602516,0.9680000000000002,0.016733200530681523,0.0,123.0875,4.52861879140812,125.85,4.845236401815053,116.59584229434418,3.600288078930015,,,2.0,Compliance Department,sustainability
structured_debate,free_rider,asymmetric,2.7083835113121046,1.8058878583865237,40.6004506312771,2.7638400077828598,34.5,13.6978676788531,298.1,102.87327411099439,53.062795996416654,21.20314909435684,265.31397998208325,106.01574547178419,46.38454810002292,15.075178521336245,42.097285728416445,13.861427209500668,117.64240560722658,35.33968867338252,517.5,205.4680151827965,69.0,27.3957353577062,0.0015953194502799305,0.0005520008529258487,0.7389714083823129,0.10079301114503422,1.0,69.0125,27.080104733335524,-2.225,9.330869818990477,15.301479982083274,9.41266301055946,,,,,
independent,standard,compressed,10.390671784101029,15.413479239643399,47.6891709393942,4.802556379690601,73.2,21.70762660061157,542.3,165.82682787204627,93.30303000115512,37.37374728707784,466.5151500057756,186.86873643538922,39.52094279248069,7.4295852575992765,37.059742572724524,7.166863360483908,86.7946713318568,15.97745641212614,0.0,0.0,0.0,0.0,0.0018159692002882367,0.00041701703849357356,0.0,0.0,0.75,137.2125,44.50608141473182,53.7,35.457313105078605,66.94996306814978,41.484585821310475,71.4401869376258,24.131903034928996,,,
voting,standard,compressed,9.465067355716144,13.858568425980213,39.777849490112104,1.8750698388516278,70.9,24.412895643167992,512.125,168.43176620940912,80.03703659749202,35.05108988277958,400.18518298746005,175.25544941389794,23.647941307203844,5.728411233156885,23.873850011392385,5.441992282362851,57.596317193134084,14.355056002318078,354.5,122.06447821583994,70.9,24.412895643167992,0.002282569500312093,0.0007374757237490705,1.0,0.0,0.75,98.675,35.34278568534178,64.925,48.692449160656906,43.285235643720355,25.16033672279011,94.62494734373976,34.22052125781512,,,
adaptive_voting,standard,compressed,66.58291942866381,4.128116103089743,67.65582862843935,1.27471898294543,100.0,0.0,627.25,15.150560177241319,124.44265987568664,3.1159042307747598,622.2132993784334,15.579521153873788,1.5594092774996124,0.22631077211127584,1.886381879554199,0.17339508536634538,4.709607362805846,0.4256545022549947,500.0,0.0,100.0,0.0,0.0042055600000821865,0.0007081874435131683,1.0,0.0,0.0,125.45,3.0301120354482642,125.45,3.0301120354482642,125.12290674123912,3.2536331444139583,120.74039263719416,3.3425539852003414,,,
centralized_profit,standard,compressed,21.345431997214483,21.617873502877767,49.637091303918695,5.1792015893966195,88.1,17.999707599964243,637.425,135.19764041463227,114.49164278144285,32.93208711502634,572.4582139072143,164.66043557513171,41.30526750790337,6.686448621411328,38.45010114063024,6.244317655585543,91.69668851878632,15.821322416686034,528.6,107.99824559978546,88.1,17.999707599964243,0.003933180649983115,0.0014194308341841416,0.22717161329154809,0.08056175869095018,0.5,159.425,36.72937122421667,72.0,36.46303102566965,94.22546625865121,39.85095034354662,87.38274764856313,20.52846985075211,0.0,Growth Department,profit
centralized_sustainability,standard,compressed,68.77885280803906,2.922963545343617,69.39079690294018,0.9288586494554613,100.0,0.0,607.525,14.358634849345604,120.71166469653535,2.9498627670507815,603.5583234826769,14.749313835253908,9.54553278664883,1.056425820530386,11.131742995671296,1.1491652226425455,28.792903399232017,3.0558553977703946,600.0,0.0,100.0,0.0,0.004158093150545028,0.0004581385193159794,0.9675,0.01650358812660544,0.0,126.3875,3.5858594726919706,127.325,3.7108482503117943,124.92622688190883,3.279465805448163,98.53209660076797,1.031550948757232,2.0,Compliance Department,sustainability
centralized_risk_averse,standard,compressed,74.2878922000001,3.909113234946521,75.212365328766,1.4986833936684891,100.0,0.0,525.125,6.043428357794065,104.38595050883632,1.2142300757692501,521.9297525441815,6.071150378846258,1.3377989375840325,0.2558162529511982,1.2526394441006279,0.22384356467715671,3.2758489195321787,0.6042305643149186,600.0,0.0,100.0,0.0,0.0037502095996387653,0.0008080254967810819,0.966,0.015355437918998302,0.0,105.6875,1.4619629018260996,103.625,0.8564768715960446,104.21514698454962,0.9479847608740438,102.71460555963196,1.6316721659581228,4.0,Risk Department,risk_averse
structured_debate,standard,compressed,53.042800071522336,19.72253502737026,61.2888804906871,5.375897402180868,96.95,9.880736175428481,653.05,64.87029569192586,127.68581196857777,18.29610540798839,638.4290598428886,91.48052703994195,26.32016934976799,2.5312251277259286,25.07267973679589,2.2788103814133613,57.504569274221254,5.288922663660903,1454.25,148.21104263142723,193.9,19.761472350856963,0.0037900714498391606,0.0005580647949473946,0.7493860759493671,0.09862247285516319,0.1,151.65,15.035134291315616,100.25,20.98652449850417,137.394480039724,30.248572444820514,97.48457980316479,11.683663814173048,,,
independent,aggressive,compressed,1.967477034183267,1.5466216178564447,45.24122580495612,3.024441707357726,38.85,9.81017194977797,315.825,82.02779936351489,52.56134834750408,15.66167705478186,262.8067417375204,78.3083852739093,20.685303126797134,4.721853695832065,20.240704249627598,4.651820406314777,47.66488628000245,10.900598313457879,0.0,0.0,0.0,0.0,0.0011793909503467147,0.00033987741234222844,0.0,0.0,1.0,68.675,19.234736106830663,,,21.960113719997555,11.467251974956636,34.821628017522826,10.478565203197556,,,
voting,aggressive,compressed,1.6721003513691186,1.666657028128268,45.22592517767723,3.125304951688854,23.5,3.63462877276201,219.75,34.37314588301072,35.103141251679624,6.686773873844602,175.5157062583981,33.43386936922301,5.833424336267173,1.0130596665837566,6.735598291135811,1.2544965948911424,17.224608360067947,3.160443721230478,117.5,18.173143863810047,23.5,3.63462877276201,0.0010165630497795063,0.00017625752830513676,1.0,0.0,1.0,38.95,6.874629176602144,,,21.725391639932052,6.535114602078469,36.940314618466054,6.859805408605405,,,
adaptive_voting,aggressive,compressed,16.362012882505464,16.296245195800918,39.98967043408457,2.8874013883409524,83.0,24.220478503682962,587.375,170.65368710066778,101.67783060021699,33.92562693712448,508.389153001085,169.62813468562237,20.55816384997358,5.882886777382941,24.41774441001717,7.148938995618163,62.00267706341985,18.037890950475063,415.0,121.1023925184148,83.0,24.220478503682962,0.0030931240502468428,0.0008733930167460717,0.9993150684931507,0.003063106818492875,0.5,114.975,36.10710492847342,,,52.97232293658014,29.527496080288905,110.49183006450487,35.043545732089015,,,
centralized_profit,aggressive,compressed,1.8678500402973603,1.631886473452401,45.50698192486678,3.135431383250643,41.95,11.785249478189161,336.05,95.56382546153175,56.367751753859125,18.21522160080064,281.8387587692956,91.0761080040032,21.821793850181358,5.560887280751354,21.271705040891284,5.439763168403042,50.37497033292909,12.976459238751708,251.7,70.71149686913496,41.95,11.785249478189161,0.0014733555008206167,0.0003909547350400035,0.08101014252239765,0.05204845280264312,1.0,73.29166666666666,22.385241783541275,,,24.200029667070915,12.82274630725754,37.76372910222467,12.566446070286009,0.0,Growth Department,profit
centralized_risk_averse,aggressive,compressed,74.08671309592036,4.078371512701964,75.06513328382078,1.5294134214339732,100.0,0.0,527.15,6.770874156422143,104.77887711484782,1.3515867365071381,523.8943855742389,6.757933682535696,1.2834138946188058,0.21019610013424966,1.2692660446077535,0.20798916148273489,3.2407224156065118,0.5009413686892449,600.0,0.0,100.0,0.0,0.003058421699643077,0.00038788864137970333,0.966,0.015355437918998302,0.0,105.675,1.464467050735542,,,104.21010798984548,0.9393290053705352,102.65927758439348,1.6153033621880146,4.0,Risk Department,risk_averse
structured_debate,aggressive,compressed,39.24055185463743,22.053423962098073,54.059890020063314,7.282005717497288,97.05,9.572301048777199,677.7,76.28640632166181,129.60315633158046,20.385822671030827,648.0157816579025,101.92911335515413,21.250487882402982,5.258668540249221,22.41499622267378,4.8286346431945635,56.08951858723175,12.57617330119398,1455.75,143.58451573165797,194.1,19.144602097554397,0.003935319800257275,0.0005457029479904787,0.8741279614763956,0.025805651034723914,0.2,144.62500000000003,17.843772563509255,,,117.30273971360013,41.74573819466211,96.83804194430232,11.534434497633862,,,
independent,conservative,compressed,58.98766782789246,7.744992700381823,62.05993570508717,4.342295916217208,100.0,0.0,669.175,5.066076546889849,132.37051719472043,2.630286112737503,661.8525859736022,13.151430563687512,36.07907667163408,1.1052989369215582,35.37307479432194,0.7606892923517479,92.94628781689556,2.3900346855643373,0.0,0.0,0.0,0.0,0.0025207230499290747,0.00026008609018808706,0.0,0.0,0.0,195.05,1.7539429265154791,108.8375,1.5796297867405182,146.53365032731892,12.792968278925754,102.5939356462834,1.6658715804962612,,,
voting,conservative,compressed,66.50605499934242,4.2818391423551105,67.59746926951998,1.2539099677188141,100.0,0.0,627.125,14.402005525547292,124.43320601175662,2.9551127836403217,622.1660300587832,14.775563918201614,1.5473324227241139,0.21405158071018612,1.8861169784116432,0.1768816958782768,4.711857700808907,0.434078940730319,500.0,0.0,100.0,0.0,0.0027904867003599064,0.00014380220796411278,0.9989999999999999,0.003077935056255465,0.0,125.425,2.8804011051094585,125.425,2.8804011051094585,125.17788775959211,3.0933786391469247,120.71314229919108,3.1347840330546064,,,
adaptive_voting,conservative,compressed,68.94670394400173,2.622747045254124,69.32868448321881,0.957966421851187,100.0,0.0,608.375,14.98409244217979,120.82016289479877,3.058378877264892,604.1008144739938,15.291894386324463,1.3632859494644596,0.12891426355579666,1.6960154251897859,0.15237949992887864,4.246351658146687,0.3871031832183063,500.0,0.0,100.0,0.0,0.0074784523492780865,0.019753038035613874,0.9989999999999999,0.003077935056255465,0.0,121.675,2.996818488435958,121.675,2.996818488435958,121.6471661321405,3.0203869838272737,117.42864834185329,3.289832876495392,,,
centralized_profit,conservative,compressed,64.8361404222105,4.651927711869036,66.11372075067999,2.057574483138659,100.0,0.0,641.25,8.304247486424611,127.44818902101186,1.7609841310974863,637.2409451050593,8.804920655487429,25.11796252139468,0.8003864801154066,23.417638174044207,0.7468829420879055,60.04044021788584,2.4463547140213593,600.0,0.0,100.0,0.0,0.003259104899734666,0.0002537411847015346,0.6740000000000002,0.04783744404367334,0.0,162.1,2.6337885460422137,112.4125,2.543406077228764,148.25638532294508,2.057520391203821,102.05955978211416,1.644554241119332,0.0,Growth Department,profit
centralized_sustainability,conservative,compressed,68.79398851982026,2.614981459580945,69.44183864207689,1.0263384802816027,100.0,0.0,607.2,13.520355024924458,120.66575482142832,2.7836380720845755,603.3287741071415,13.918190360422878,9.902401599922257,0.8521878648418155,11.041840382326347,1.0462087815476948,29.252446079053605,2.724135515582178,600.0,0.0,100.0,0.0,0.0038589780997426715,0.0007983073281393373,0.9395,0.019324105480761015,0.0,127.05,3.1576973622529043,125.9125,3.464362742341846,125.6312201861952,3.306067479527894,98.82255392094639,1.0344444175075054,1.0,Compliance Department,sustainability
centralized_risk_averse,conservative,compressed,74.4839336012179,3.7567628258447034,75.35726023592159,1.4761972224498312,100.0,0.0,523.075,5.405345794479271,103.9875872764319,1.0949669003781957,519.9379363821597,5.474834501890966,1.103419007408591,0.23322976694347405,1.0740879327595212,0.22685818346745687,3.0705040448211363,0.6640057547350895,600.0,0.0,100.0,0.0,0.003608452399748785,0.00025245228412036733,0.9644999999999999,0.015719582155957427,0.0,105.675,1.5498302114136653,103.6375,0.8089751476242544,104.21980049242984,0.9563804631753686,102.7681358897297,1.645998150579851,4.0,Risk Department,risk_averse
structured_debate,conservative,compressed,61.161733914036176,6.76045041451825,63.331987450680586,3.4094092321967437,100.0,0.0,662.15,4.000328933843736,131.31037994592944,1.406333984043927,656.551899729647,7.0316699202196356,35.35985111117622,1.2814203945026263,34.34385442976539,0.9842221864888827,89.79905657173482,2.237649734789115,1500.0,0.0,200.0,0.0,0.004187596299925644,0.00045483087023036816,0.081,0.024899799195977467,0.0,191.0,1.5976957091221622,107.85,1.5631446038775745,148.65095630138177,5.700668380441248,101.20094342826518,1.2633788880134706,,,
independent,free_rider,compressed,2.142538220661571,1.800496797831582,45.41221836000129,2.8842768287111227,37.95,9.511627233632474,312.45,80.11536090308512,55.13968684537425,17.608099897544403,275.69843422687126,88.040499487722,36.897607682813785,6.981424841740202,33.78711854985274,6.464839657494418,92.40848224445743,17.262866683848554,0.0,0.0,0.0,0.0,0.0009114892996876734,0.00023868140213618327,0.0,0.0,1.0,67.3125,18.82168314946746,13.3,13.024672942656098,22.185934226871268,11.929188421019406,,,,,
voting,free_rider,compressed,1.7022350297571762,1.6298590812667124,44.915383891436655,2.5856953122021387,23.95,3.804083678309265,222.25,35.06478965692238,35.67844955516329,7.297823719448315,178.39224777581643,36.48911859724157,17.405240355869367,2.376364973462821,16.054676445486045,2.1275175903323804,45.475,6.389187000418425,119.75,19.020418391546325,23.95,3.804083678309265,0.0007764089501506533,0.00013336684176980723,1.0,0.0,1.0,39.45,7.012957931384475,16.2,7.040110645063531,21.617247775816434,6.171838495950343,,,,,
adaptive_voting,free_rider,compressed,14.395447914719403,16.01180715885685,39.85152535467843,2.445765919120539,80.0,25.314859376720975,570.875,178.436696352693,104.78867030362326,42.09600301303823,523.9433515181164,210.48001506519114,42.769926572369876,9.937766795370532,40.47504325606031,9.459003425099262,119.95539259542802,28.492902414439598,400.0,126.57429688360487,80.0,25.314859376720975,0.0028167924996523653,0.000903550466668976,0.9995,0.002236067977499791,0.55,111.425,37.6417583766249,81.175,56.6564612843333,51.40585151811631,29.242341887025486,,,,,
centralized_profit,free_rider,compressed,2.412400001923225,1.3156105168114618,45.131328526734634,2.8852654472729307,41.6,11.659195602839125,334.225,95.02776256386728,58.43361161948699,20.207117377946116,292.1680580974349,101.03558688973058,39.38302783370202,8.98086561623379,36.00276481257659,8.318558687283803,98.11198205807258,22.05926943070638,249.6,69.95517361703475,41.6,11.659195602839125,0.0016227819498453755,0.00040422726042668977,0.18052023777922066,0.05659408206126114,1.0,72.85,22.418918232975518,12.75,13.878703867891684,23.330558097434935,12.40880175967482,,,0.0,Growth Department,profit
centralized_sustainability,free_rider,compressed,68.46869603165483,3.220350305054713,68.92385686623551,0.9320158294306755,100.0,0.0,612.925,14.818440680804654,134.85490525725643,3.269004535113056,674.274526286282,16.345022675565293,20.392151588389744,0.7219113810612401,24.672292938583073,0.7406903495511556,63.17547371371794,2.0767470162978,600.0,0.0,100.0,0.0,0.005649400150286965,0.0025310550066395985,0.9680000000000002,0.016733200530681523,0.0,122.725,3.0617547428334553,123.55,3.1283928949643074,121.11202628628205,2.7535295620505793,,,2.0,Compliance Department,sustainability
structured_debate,free_rider,compressed,35.54395967162096,26.1569537850334,55.22016693885193,5.535749241512771,93.0,15.11360488538651,660.875,107.97171596009957,139.67027146125605,29.343228759234044,698.3513573062803,146.7161437961702,44.267894910260644,6.841923263650153,42.35908342453534,5.650300758569073,127.2125,16.467327100719935,1395.0,226.70407328079762,186.0,30.22720977077302,0.0049587901496124685,0.001082662668319931,0.8524560669512393,0.05285201674241691,0.35,139.9625,24.337981336304697,86.175,29.91491222925801,118.86385730628032,37.440472959171515,,,,,
